arg_id,micro_cluster_id,cluster_size,is_centroid,centroid_arg_id
A1_0,1296,2,true,A1_0
A1_1,878,1,true,A1_1
A1_2,25,1,true,A1_2
A1_3,1067,1,true,A1_3
A1_4,1296,2,false,A1_0
A2_0,781,1,true,A2_0
A2_1,945,1,true,A2_1
A3_0,807,1,true,A3_0
A3_1,892,1,true,A3_1
A3_2,1147,2,true,A3_2
A3_3,994,1,true,A3_3
A3_4,581,1,true,A3_4
A4_0,88,2,true,A4_0
A4_1,17,1,true,A4_1
A4_2,114,1,true,A4_2
A4_3,9,1,true,A4_3
A4_4,97,1,true,A4_4
A4_5,602,1,true,A4_5
A5_0,394,3,false,A369_1
A5_1,60,1,true,A5_1
A5_2,388,4,false,A21_0
A5_3,1361,1,true,A5_3
A5_4,401,1,true,A5_4
A5_5,1074,1,true,A5_5
A6_0,100,1,true,A6_0
A6_1,205,1,true,A6_1
A6_2,307,1,true,A6_2
A6_3,540,1,true,A6_3
A7_0,493,2,true,A7_0
A7_1,44,1,true,A7_1
A7_2,1331,1,true,A7_2
A7_3,1227,1,true,A7_3
A8_0,477,1,true,A8_0
A8_1,86,1,true,A8_1
A8_2,443,1,true,A8_2
A8_3,451,1,true,A8_3
A9_0,419,1,true,A9_0
A9_1,707,1,true,A9_1
A9_2,459,1,true,A9_2
A10_0,276,2,true,A10_0
A10_1,371,1,true,A10_1
A10_2,1211,1,true,A10_2
A10_3,1229,1,true,A10_3
A10_4,1135,1,true,A10_4
A11_0,223,4,false,A71_0
A11_1,28,1,true,A11_1
A11_2,1081,1,true,A11_2
A11_3,258,2,true,A11_3
A11_4,636,1,true,A11_4
A12_0,259,1,true,A12_0
A13_0,520,1,true,A13_0
A13_1,522,1,true,A13_1
A13_2,1253,2,true,A13_2
A13_3,482,1,true,A13_3
A13_4,610,1,true,A13_4
A14_0,128,2,true,A14_0
A14_1,140,1,true,A14_1
A14_2,313,1,true,A14_2
A14_3,154,1,true,A14_3
A14_4,1,1,true,A14_4
A14_5,530,1,true,A14_5
A15_0,1250,1,true,A15_0
A15_1,326,1,true,A15_1
A15_2,1070,4,false,A195_5
A16_0,626,1,true,A16_0
A16_1,627,1,true,A16_1
A16_2,1263,2,true,A16_2
A17_0,760,1,true,A17_0
A17_1,1212,1,true,A17_1
A17_2,854,1,true,A17_2
A17_3,621,1,true,A17_3
A17_4,645,1,true,A17_4
A18_0,1293,2,true,A18_0
A18_1,113,2,true,A18_1
A18_2,398,1,true,A18_2
A19_0,399,1,true,A19_0
A19_1,515,1,true,A19_1
A19_2,110,1,true,A19_2
A20_0,1293,2,false,A18_0
A20_1,1333,2,true,A20_1
A20_2,705,1,true,A20_2
A21_0,388,4,true,A21_0
A22_0,226,9,false,A442_1
A22_1,212,1,true,A22_1
A22_2,237,1,true,A22_2
A23_0,830,1,true,A23_0
A23_1,927,1,true,A23_1
A23_2,1077,1,true,A23_2
A23_3,831,1,true,A23_3
A23_4,799,2,true,A23_4
A23_5,991,2,true,A23_5
A24_0,797,3,false,A129_2
A24_1,498,1,true,A24_1
A24_2,1277,1,true,A24_2
A25_0,919,1,true,A25_0
A25_1,1337,1,true,A25_1
A25_2,920,1,true,A25_2
A25_3,1042,1,true,A25_3
A25_4,1029,1,true,A25_4
A25_5,1049,1,true,A25_5
A26_0,1098,5,false,A38_0
A27_0,676,1,true,A27_0
A27_1,1181,1,true,A27_1
A27_2,1183,1,true,A27_2
A28_0,1098,5,false,A38_0
A28_1,1148,1,true,A28_1
A29_0,224,3,false,A409_0
A29_1,306,2,true,A29_1
A29_2,108,1,true,A29_2
A29_3,51,1,true,A29_3
A29_4,261,1,true,A29_4
A29_5,917,2,true,A29_5
A29_6,717,1,true,A29_6
A29_7,718,1,true,A29_7
A29_8,168,1,true,A29_8
A29_9,2,1,true,A29_9
A29_10,604,1,true,A29_10
A29_11,1104,1,true,A29_11
A29_12,1102,1,true,A29_12
A29_13,1076,1,true,A29_13
A29_14,445,1,true,A29_14
A30_0,466,1,true,A30_0
A30_1,460,2,true,A30_1
A31_0,306,2,false,A29_1
A31_1,1295,1,true,A31_1
A31_2,373,2,true,A31_2
A31_3,446,1,true,A31_3
A32_0,1304,1,true,A32_0
A32_1,563,1,true,A32_1
A32_2,976,1,true,A32_2
A32_3,847,1,true,A32_3
A32_4,1373,2,true,A32_4
A32_5,935,1,true,A32_5
A32_6,1107,1,true,A32_6
A33_0,1057,10,false,A102_0
A33_1,408,1,true,A33_1
A33_2,496,1,true,A33_2
A33_3,413,2,true,A33_3
A33_4,228,2,true,A33_4
A33_5,173,1,true,A33_5
A33_6,315,1,true,A33_6
A33_7,744,1,true,A33_7
A33_8,732,1,true,A33_8
A34_0,30,1,true,A34_0
A34_1,150,1,true,A34_1
A34_2,460,2,false,A30_1
A35_0,220,2,true,A35_0
A35_1,1238,1,true,A35_1
A35_2,348,1,true,A35_2
A35_3,23,1,true,A35_3
A35_4,283,1,true,A35_4
A36_0,832,1,true,A36_0
A36_1,1286,1,true,A36_1
A36_2,773,1,true,A36_2
A37_0,148,1,true,A37_0
A37_1,271,3,false,A474_1
A37_2,1079,1,true,A37_2
A38_0,1098,5,true,A38_0
A38_1,1092,2,true,A38_1
A39_0,223,4,false,A71_0
A39_1,106,2,true,A39_1
A39_2,81,1,true,A39_2
A39_3,194,1,true,A39_3
A39_4,352,2,true,A39_4
A39_5,1088,2,false,A259_0
A39_6,1390,1,true,A39_6
A40_0,439,1,true,A40_0
A40_1,393,3,false,A417_0
A40_2,917,2,false,A29_5
A40_3,694,1,true,A40_3
A40_4,288,1,true,A40_4
A40_5,1392,1,true,A40_5
A41_0,1381,1,true,A41_0
A41_1,128,2,false,A14_0
A41_2,305,3,false,A139_0
A41_3,1264,2,true,A41_3
A42_0,494,3,true,A42_0
A42_1,143,2,true,A42_1
A42_2,218,2,true,A42_2
A43_0,420,1,true,A43_0
A43_1,71,1,true,A43_1
A43_2,1114,1,true,A43_2
A43_3,49,1,true,A43_3
A43_4,1185,1,true,A43_4
A43_5,67,1,true,A43_5
A44_0,53,1,true,A44_0
A44_1,54,1,true,A44_1
A44_2,1156,1,true,A44_2
A44_3,1164,1,true,A44_3
A44_4,50,1,true,A44_4
A44_5,423,1,true,A44_5
A45_0,220,2,false,A35_0
A45_1,21,2,false,A234_1
A45_2,141,1,true,A45_2
A45_3,170,1,true,A45_3
A45_4,1208,1,true,A45_4
A45_5,462,2,true,A45_5
A45_6,301,1,true,A45_6
A45_7,928,1,true,A45_7
A45_8,462,2,false,A45_5
A46_0,280,2,true,A46_0
A46_1,279,2,true,A46_1
A46_2,1274,1,true,A46_2
A47_0,516,1,true,A47_0
A47_1,517,1,true,A47_1
A47_2,1239,1,true,A47_2
A47_3,82,1,true,A47_3
A47_4,37,1,true,A47_4
A47_5,1057,10,false,A102_0
A47_6,105,2,true,A47_6
A48_0,1353,2,true,A48_0
A48_1,186,2,true,A48_1
A48_2,681,1,true,A48_2
A49_0,210,1,true,A49_0
A49_1,683,1,true,A49_1
A49_2,1237,1,true,A49_2
A49_3,1225,1,true,A49_3
A49_4,1232,1,true,A49_4
A49_5,1310,1,true,A49_5
A49_6,263,1,true,A49_6
A50_0,372,1,true,A50_0
A51_0,1308,1,true,A51_0
A51_1,409,1,true,A51_1
A52_0,388,4,false,A21_0
A53_0,1378,2,true,A53_0
A54_0,475,2,true,A54_0
A54_1,1383,1,true,A54_1
A56_0,364,1,true,A56_0
A56_1,365,1,true,A56_1
A56_2,736,1,true,A56_2
A56_3,317,1,true,A56_3
A56_4,504,1,true,A56_4
A57_0,120,1,true,A57_0
A57_1,179,1,true,A57_1
A57_2,106,2,false,A39_1
A57_3,111,1,true,A57_3
A57_4,281,1,true,A57_4
A57_5,1094,1,true,A57_5
A57_6,369,2,true,A57_6
A57_7,188,1,true,A57_7
A57_8,464,1,true,A57_8
A57_9,262,1,true,A57_9
A57_10,600,1,true,A57_10
A58_0,946,1,true,A58_0
A58_1,1374,1,true,A58_1
A58_2,413,2,false,A33_3
A58_3,1089,2,false,A145_0
A58_4,484,1,true,A58_4
A58_5,391,1,true,A58_5
A58_6,357,1,true,A58_6
A58_7,402,1,true,A58_7
A59_0,560,1,true,A59_0
A59_1,649,1,true,A59_1
A59_2,651,1,true,A59_2
A59_3,1380,1,true,A59_3
A59_4,802,1,true,A59_4
A59_5,796,1,true,A59_5
A59_6,775,1,true,A59_6
A60_0,69,1,true,A60_0
A60_1,308,1,true,A60_1
A60_2,921,1,true,A60_2
A60_3,1385,1,true,A60_3
A60_4,972,1,true,A60_4
A60_5,535,1,true,A60_5
A60_6,721,1,true,A60_6
A60_7,529,2,true,A60_7
A60_8,260,1,true,A60_8
A61_0,395,1,true,A61_0
A61_1,102,1,true,A61_1
A61_2,404,2,false,A330_1
A62_0,900,1,true,A62_0
A62_1,1220,1,true,A62_1
A62_2,614,1,true,A62_2
A62_3,731,1,true,A62_3
A63_0,1257,1,true,A63_0
A63_1,894,1,true,A63_1
A63_2,729,1,true,A63_2
A63_3,730,1,true,A63_3
A63_4,570,1,true,A63_4
A63_5,572,1,true,A63_5
A63_6,571,1,true,A63_6
A64_0,1362,2,true,A64_0
A64_1,799,2,false,A23_4
A64_2,655,1,true,A64_2
A65_0,829,1,true,A65_0
A65_1,797,3,false,A129_2
A65_2,810,1,true,A65_2
A65_3,432,1,true,A65_3
A66_0,330,1,true,A66_0
A66_1,1262,1,true,A66_1
A67_0,295,1,true,A67_0
A67_1,449,1,true,A67_1
A67_2,463,1,true,A67_2
A68_0,1091,1,true,A68_0
A68_1,672,1,true,A68_1
A68_2,675,1,true,A68_2
A68_3,673,1,true,A68_3
A68_4,674,1,true,A68_4
A69_0,414,1,true,A69_0
A69_1,118,1,true,A69_1
A69_2,293,1,true,A69_2
A69_3,1201,1,true,A69_3
A69_4,1215,1,true,A69_4
A69_5,74,1,true,A69_5
A70_0,525,2,true,A70_0
A70_1,72,2,true,A70_1
A70_2,282,1,true,A70_2
A70_3,358,2,true,A70_3
A70_4,175,1,true,A70_4
A71_0,223,4,true,A71_0
A71_1,35,1,true,A71_1
A71_2,109,1,true,A71_2
A71_3,531,1,true,A71_3
A71_4,171,1,true,A71_4
A71_5,88,2,false,A4_0
A71_6,447,1,true,A71_6
A71_7,333,1,true,A71_7
A71_8,358,2,false,A70_3
A71_9,1342,1,true,A71_9
A72_0,525,2,false,A70_0
A72_1,16,2,true,A72_1
A72_2,52,1,true,A72_2
A72_3,343,1,true,A72_3
A73_0,549,2,true,A73_0
A73_1,1282,1,true,A73_1
A73_2,562,1,true,A73_2
A74_0,934,2,true,A74_0
A74_1,934,2,false,A74_0
A75_0,12,1,true,A75_0
A75_1,318,1,true,A75_1
A75_2,89,1,true,A75_2
A75_3,787,1,true,A75_3
A76_0,1066,4,true,A76_0
A76_1,591,1,true,A76_1
A76_2,695,1,true,A76_2
A76_3,180,1,true,A76_3
A76_4,335,1,true,A76_4
A76_5,379,2,true,A76_5
A76_6,77,1,true,A76_6
A76_7,243,1,true,A76_7
A76_8,277,1,true,A76_8
A76_9,575,1,true,A76_9
A76_10,741,1,true,A76_10
A77_0,944,2,true,A77_0
A77_1,823,1,true,A77_1
A77_2,754,1,true,A77_2
A77_3,929,1,true,A77_3
A77_4,698,1,true,A77_4
A78_0,1334,1,true,A78_0
A78_1,1324,1,true,A78_1
A79_0,1057,10,false,A102_0
A79_1,418,3,false,A116_0
A79_2,143,2,false,A42_1
A79_3,454,1,true,A79_3
A79_4,624,1,true,A79_4
A79_5,631,1,true,A79_5
A79_6,601,1,true,A79_6
A79_7,1096,3,false,A102_6
A79_8,1111,1,true,A79_8
A79_9,84,1,true,A79_9
A79_10,1057,10,false,A102_0
A80_0,1281,2,true,A80_0
A80_1,559,1,true,A80_1
A80_2,552,2,true,A80_2
A80_3,548,3,true,A80_3
A80_4,1267,2,true,A80_4
A81_0,1060,3,true,A81_0
A81_1,930,1,true,A81_1
A81_2,872,1,true,A81_2
A81_3,1030,1,true,A81_3
A81_4,1294,1,true,A81_4
A81_5,889,1,true,A81_5
A81_6,1241,1,true,A81_6
A81_7,1090,2,false,A98_0
A82_0,687,1,true,A82_0
A82_1,828,1,true,A82_1
A82_2,834,1,true,A82_2
A83_0,1289,1,true,A83_0
A84_0,821,1,true,A84_0
A84_1,839,1,true,A84_1
A84_2,808,1,true,A84_2
A84_3,813,1,true,A84_3
A84_4,772,1,true,A84_4
A85_0,1263,2,false,A16_2
A85_1,947,1,true,A85_1
A85_2,1059,2,true,A85_2
A86_0,650,1,true,A86_0
A86_1,1276,3,true,A86_1
A86_2,547,4,false,A126_3
A86_3,294,1,true,A86_3
A86_4,507,1,true,A86_4
A86_5,809,1,true,A86_5
A86_6,936,1,true,A86_6
A86_7,806,1,true,A86_7
A86_8,895,1,true,A86_8
A86_9,816,3,true,A86_9
A86_10,817,1,true,A86_10
A86_11,788,1,true,A86_11
A87_0,851,2,true,A87_0
A87_1,499,2,true,A87_1
A87_2,524,2,false,A101_2
A87_3,359,1,true,A87_3
A87_4,322,2,true,A87_4
A87_5,151,1,true,A87_5
A88_0,20,2,true,A88_0
A88_1,765,1,true,A88_1
A88_2,319,1,true,A88_2
A88_3,653,2,true,A88_3
A88_4,492,1,true,A88_4
A89_0,549,2,false,A73_0
A89_1,556,4,false,A300_2
A89_2,547,4,false,A126_3
A90_0,798,5,false,A182_2
A90_1,803,3,false,A127_1
A91_0,416,3,false,A182_3
A91_1,726,2,true,A91_1
A91_2,713,2,true,A91_2
A92_0,871,2,true,A92_0
A92_1,1146,3,false,A182_6
A93_0,1093,2,true,A93_0
A93_1,1388,1,true,A93_1
A93_2,815,3,false,A182_8
A94_0,800,2,true,A94_0
A94_1,812,2,true,A94_1
A95_0,1276,3,false,A86_1
A95_1,548,3,false,A80_3
A96_0,410,3,true,A96_0
A96_1,189,1,true,A96_1
A96_2,305,3,false,A139_0
A96_3,714,1,true,A96_3
A96_4,64,2,true,A96_4
A97_0,870,2,true,A97_0
A97_1,880,1,true,A97_1
A97_2,879,2,true,A97_2
A98_0,1090,2,true,A98_0
A98_1,816,3,false,A86_9
A98_2,977,1,true,A98_2
A98_3,1223,1,true,A98_3
A98_4,816,3,false,A86_9
A99_0,435,1,true,A99_0
A99_1,368,1,true,A99_1
A99_2,518,1,true,A99_2
A99_3,165,1,true,A99_3
A99_4,475,2,false,A54_0
A100_0,407,2,true,A100_0
A100_1,1138,1,true,A100_1
A100_2,1139,1,true,A100_2
A100_3,992,1,true,A100_3
A100_4,1099,2,true,A100_4
A100_5,1100,1,true,A100_5
A100_6,1099,2,false,A100_4
A100_7,1101,1,true,A100_7
A100_8,1132,1,true,A100_8
A100_9,1309,1,true,A100_9
A100_10,266,1,true,A100_10
A100_11,1194,1,true,A100_11
A101_0,851,2,false,A87_0
A101_1,499,2,false,A87_1
A101_2,524,2,true,A101_2
A101_4,322,2,false,A87_4
A102_0,1057,10,true,A102_0
A102_1,1359,1,true,A102_1
A102_2,1092,2,false,A38_1
A102_3,1213,1,true,A102_3
A102_4,1305,1,true,A102_4
A102_5,849,1,true,A102_5
A102_6,1096,3,true,A102_6
A103_0,1303,2,true,A103_0
A103_1,896,1,true,A103_1
A103_2,350,1,true,A103_2
A103_3,898,1,true,A103_3
A103_4,1325,1,true,A103_4
A103_5,943,1,true,A103_5
A103_6,433,1,true,A103_6
A104_0,264,1,true,A104_0
A104_1,1128,1,true,A104_1
A104_2,265,1,true,A104_2
A105_0,931,1,true,A105_0
A105_1,938,1,true,A105_1
A105_2,783,1,true,A105_2
A105_3,790,1,true,A105_3
A106_0,1264,2,false,A41_3
A106_1,85,1,true,A106_1
A106_2,214,1,true,A106_2
A106_3,873,1,true,A106_3
A106_4,1143,1,true,A106_4
A106_5,1271,1,true,A106_5
A106_6,1055,1,true,A106_6
A106_7,1349,1,true,A106_7
A107_0,1265,1,true,A107_0
A107_1,1085,2,true,A107_1
A107_2,1122,1,true,A107_2
A107_3,1235,1,true,A107_3
A107_4,1086,1,true,A107_4
A108_0,1350,1,true,A108_0
A108_1,1105,1,true,A108_1
A108_2,881,1,true,A108_2
A108_3,1187,1,true,A108_3
A108_4,1311,1,true,A108_4
A108_5,1329,1,true,A108_5
A108_6,1251,2,true,A108_6
A108_7,613,1,true,A108_7
A108_8,577,1,true,A108_8
A109_0,196,1,true,A109_0
A109_1,197,1,true,A109_1
A109_2,198,1,true,A109_2
A109_3,689,1,true,A109_3
A109_4,785,1,true,A109_4
A110_0,1066,4,false,A76_0
A110_1,887,1,true,A110_1
A110_2,62,1,true,A110_2
A110_3,370,1,true,A110_3
A110_4,855,1,true,A110_4
A110_5,1336,1,true,A110_5
A110_6,1243,1,true,A110_6
A110_7,1335,1,true,A110_7
A110_8,1242,1,true,A110_8
A110_9,537,1,true,A110_9
A110_10,385,2,true,A110_10
A110_11,667,1,true,A110_11
A111_0,42,1,true,A111_0
A111_1,270,1,true,A111_1
A111_2,1360,1,true,A111_2
A111_3,58,1,true,A111_3
A111_4,393,3,false,A417_0
A112_0,226,9,false,A442_1
A112_1,242,2,true,A112_1
A112_2,1082,2,true,A112_2
A113_0,1209,1,true,A113_0
A113_1,911,1,true,A113_1
A113_2,700,1,true,A113_2
A114_0,181,1,true,A114_0
A114_1,225,1,true,A114_1
A115_0,1255,1,true,A115_0
A115_1,1376,1,true,A115_1
A115_2,933,1,true,A115_2
A115_3,593,1,true,A115_3
A115_4,884,1,true,A115_4
A115_5,1106,3,true,A115_5
A115_6,594,1,true,A115_6
A115_7,1276,3,false,A86_1
A115_8,932,1,true,A115_8
A115_9,578,1,true,A115_9
A115_10,584,1,true,A115_10
A116_0,418,3,true,A116_0
A116_1,190,1,true,A116_1
A116_2,24,2,true,A116_2
A116_3,715,1,true,A116_3
A116_4,1285,1,true,A116_4
A116_5,1333,2,false,A20_1
A116_6,647,1,true,A116_6
A117_0,539,3,false,A469_0
A117_1,1233,3,false,A133_7
A117_2,826,1,true,A117_2
A117_3,249,1,true,A117_3
A118_0,247,1,true,A118_0
A118_1,248,1,true,A118_1
A118_2,251,1,true,A118_2
A118_3,250,1,true,A118_3
A119_0,1175,1,true,A119_0
A119_1,1177,1,true,A119_1
A119_2,1176,1,true,A119_2
A119_3,1151,1,true,A119_3
A119_4,850,1,true,A119_4
A119_5,1038,1,true,A119_5
A119_6,1228,1,true,A119_6
A120_0,513,1,true,A120_0
A120_1,512,2,true,A120_1
A120_2,876,1,true,A120_2
A120_3,90,1,true,A120_3
A120_4,1393,1,true,A120_4
A120_5,1193,1,true,A120_5
A121_0,1338,1,true,A121_0
A121_1,770,1,true,A121_1
A121_2,771,1,true,A121_2
A121_3,1355,1,true,A121_3
A121_4,1339,1,true,A121_4
A121_5,1174,1,true,A121_5
A121_6,1172,1,true,A121_6
A122_0,1178,2,true,A122_0
A122_1,1173,1,true,A122_1
A122_2,1178,2,false,A122_0
A122_3,1179,1,true,A122_3
A122_4,1180,1,true,A122_4
A123_0,761,1,true,A123_0
A123_1,666,1,true,A123_1
A123_2,950,1,true,A123_2
A123_3,762,1,true,A123_3
A123_4,890,1,true,A123_4
A123_5,1118,1,true,A123_5
A123_6,1210,1,true,A123_6
A123_7,1119,1,true,A123_7
A123_8,1184,1,true,A123_8
A123_9,1110,2,false,A173_1
A123_10,428,1,true,A123_10
A123_11,403,1,true,A123_11
A123_12,1160,1,true,A123_12
A123_13,1202,1,true,A123_13
A123_14,47,1,true,A123_14
A124_0,699,1,true,A124_0
A125_0,886,1,true,A125_0
A125_1,840,1,true,A125_1
A125_2,845,1,true,A125_2
A125_3,846,1,true,A125_3
A126_0,1253,2,false,A13_2
A126_1,1278,1,true,A126_1
A126_2,554,2,false,A129_1
A126_3,547,4,true,A126_3
A127_0,798,5,false,A182_2
A127_1,803,3,true,A127_1
A127_2,804,2,true,A127_2
A127_3,940,1,true,A127_3
A128_0,1375,2,true,A128_0
A128_1,68,1,true,A128_1
A128_2,510,1,true,A128_2
A129_0,758,1,true,A129_0
A129_1,554,2,true,A129_1
A129_2,797,3,true,A129_2
A129_3,1362,2,false,A64_0
A129_4,494,3,false,A42_0
A130_0,410,3,false,A96_0
A130_1,152,1,true,A130_1
A130_2,819,1,true,A130_2
A130_3,716,1,true,A130_3
A131_0,533,1,true,A131_0
A131_1,585,1,true,A131_1
A131_2,1199,1,true,A131_2
A132_0,996,3,true,A132_0
A132_1,974,3,false,A188_3
A133_0,1258,1,true,A133_0
A133_1,91,1,true,A133_1
A133_2,299,1,true,A133_2
A133_3,425,1,true,A133_3
A133_4,658,1,true,A133_4
A133_5,122,1,true,A133_5
A133_6,10,1,true,A133_6
A133_7,1233,3,true,A133_7
A133_8,362,1,true,A133_8
A133_9,1272,1,true,A133_9
A134_0,877,1,true,A134_0
A134_1,1373,2,false,A32_4
A134_2,1348,1,true,A134_2
A134_3,1108,1,true,A134_3
A135_0,913,1,true,A135_0
A135_1,914,1,true,A135_1
A136_0,363,2,true,A136_0
A136_1,331,1,true,A136_1
A136_2,356,1,true,A136_2
A136_3,1064,2,true,A136_3
A136_4,1354,2,true,A136_4
A136_5,29,1,true,A136_5
A136_6,1391,1,true,A136_6
A136_7,1069,3,false,A177_6
A137_0,1260,1,true,A137_0
A137_1,1347,2,true,A137_1
A137_2,937,1,true,A137_2
A138_0,1065,1,true,A138_0
A138_1,142,1,true,A138_1
A138_2,1062,1,true,A138_2
A139_0,305,3,true,A139_0
A139_1,1364,1,true,A139_1
A140_0,766,1,true,A140_0
A140_1,569,1,true,A140_1
A140_2,573,1,true,A140_2
A140_3,1161,1,true,A140_3
A140_4,874,1,true,A140_4
A140_5,574,1,true,A140_5
A140_6,767,1,true,A140_6
A141_0,996,3,false,A132_0
A141_1,979,3,false,A273_1
A142_0,1035,1,true,A142_0
A142_1,1137,1,true,A142_1
A142_2,1019,1,true,A142_2
A142_3,1020,1,true,A142_3
A143_0,1069,3,false,A177_6
A143_1,121,1,true,A143_1
A143_2,592,1,true,A143_2
A143_3,363,2,false,A136_0
A143_4,193,2,true,A143_4
A143_5,355,2,true,A143_5
A143_6,1343,1,true,A143_6
A143_7,1354,2,false,A136_4
A144_0,43,1,true,A144_0
A144_1,483,1,true,A144_1
A145_0,1089,2,true,A145_0
A145_1,59,1,true,A145_1
A145_2,616,1,true,A145_2
A145_3,786,1,true,A145_3
A145_4,789,1,true,A145_4
A145_5,618,1,true,A145_5
A145_6,711,1,true,A145_6
A145_7,1332,1,true,A145_7
A145_8,617,1,true,A145_8
A145_9,630,1,true,A145_9
A146_0,1254,1,true,A146_0
A146_1,1351,1,true,A146_1
A147_0,412,3,false,A354_0
A147_1,523,3,true,A147_1
A147_2,342,3,true,A147_2
A147_3,125,2,true,A147_3
A147_4,227,2,true,A147_4
A147_5,354,2,true,A147_5
A147_6,1268,1,true,A147_6
A148_0,33,2,true,A148_0
A148_1,727,1,true,A148_1
A149_0,576,1,true,A149_0
A149_1,1196,1,true,A149_1
A149_2,1166,1,true,A149_2
A149_3,1363,1,true,A149_3
A149_4,990,2,true,A149_4
A150_0,495,2,true,A150_0
A150_1,258,2,false,A11_3
A150_2,380,1,true,A150_2
A151_0,347,1,true,A151_0
A151_1,22,1,true,A151_1
A151_2,1246,1,true,A151_2
A152_0,230,7,false,A343_1
A152_1,321,1,true,A152_1
A153_0,332,1,true,A153_0
A153_1,692,1,true,A153_1
A153_2,1306,1,true,A153_2
A153_3,63,1,true,A153_3
A153_4,769,1,true,A153_4
A153_5,1140,1,true,A153_5
A154_0,75,1,true,A154_0
A155_0,759,1,true,A155_0
A155_1,565,1,true,A155_1
A155_2,566,1,true,A155_2
A155_3,1244,1,true,A155_3
A155_4,722,1,true,A155_4
A155_5,534,1,true,A155_5
A155_6,407,2,false,A100_0
A155_7,641,1,true,A155_7
A155_8,763,1,true,A155_8
A155_9,764,1,true,A155_9
A156_0,219,3,true,A156_0
A156_1,131,1,true,A156_1
A156_2,3,1,true,A156_2
A157_0,219,3,false,A156_0
A157_1,145,1,true,A157_1
A157_2,144,1,true,A157_2
A157_3,146,1,true,A157_3
A157_4,123,1,true,A157_4
A157_5,437,1,true,A157_5
A158_0,46,1,true,A158_0
A158_1,169,1,true,A158_1
A158_2,116,1,true,A158_2
A158_3,327,1,true,A158_3
A158_4,284,1,true,A158_4
A158_5,336,1,true,A158_5
A158_6,1326,1,true,A158_6
A158_7,835,1,true,A158_7
A158_8,1275,1,true,A158_8
A159_0,1057,10,false,A102_0
A159_1,105,2,false,A47_6
A159_2,204,1,true,A159_2
A159_3,186,2,false,A48_1
A159_4,1353,2,false,A48_0
A160_0,519,1,true,A160_0
A160_1,172,1,true,A160_1
A160_2,526,2,true,A160_2
A161_0,444,1,true,A161_0
A161_1,441,1,true,A161_1
A161_2,187,1,true,A161_2
A161_3,632,1,true,A161_3
A161_4,385,2,false,A110_10
A162_0,541,2,true,A162_0
A162_1,83,1,true,A162_1
A162_2,320,1,true,A162_2
A162_3,654,1,true,A162_3
A162_4,208,1,true,A162_4
A163_0,1095,1,true,A163_0
A163_1,1205,1,true,A163_1
A163_2,1236,1,true,A163_2
A163_3,1117,1,true,A163_3
A163_4,508,1,true,A163_4
A163_5,291,1,true,A163_5
A163_6,1168,1,true,A163_6
A163_7,635,1,true,A163_7
A164_0,798,5,false,A182_2
A164_1,803,3,false,A127_1
A164_2,756,1,true,A164_2
A165_0,844,1,true,A165_0
A165_1,842,1,true,A165_1
A165_2,452,2,true,A165_2
A165_3,452,2,false,A165_2
A165_4,495,2,false,A150_0
A165_5,685,1,true,A165_5
A166_0,800,2,false,A94_0
A166_1,166,1,true,A166_1
A166_2,891,1,true,A166_2
A167_0,526,2,false,A160_2
A167_1,527,1,true,A167_1
A167_2,643,1,true,A167_2
A167_3,450,1,true,A167_3
A168_0,1261,2,true,A168_0
A168_1,1261,2,false,A168_0
A169_0,1106,3,false,A115_5
A169_1,528,1,true,A169_1
A170_0,612,1,true,A170_0
A170_1,825,1,true,A170_1
A170_2,1357,1,true,A170_2
A171_0,158,1,true,A171_0
A171_1,314,1,true,A171_1
A171_2,431,1,true,A171_2
A172_0,556,4,false,A300_2
A172_1,653,2,false,A88_3
A173_0,1120,1,true,A173_0
A173_1,1110,2,true,A173_1
A173_2,1234,1,true,A173_2
A173_3,1216,1,true,A173_3
A173_4,1217,1,true,A173_4
A173_5,1218,1,true,A173_5
A173_6,1219,1,true,A173_6
A174_0,242,2,false,A112_1
A174_1,628,1,true,A174_1
A175_0,304,2,true,A175_0
A175_1,345,1,true,A175_1
A175_2,1386,1,true,A175_2
A175_3,1248,1,true,A175_3
A176_0,1142,1,true,A176_0
A176_1,1141,2,true,A176_1
A176_2,910,1,true,A176_2
A176_3,1144,1,true,A176_3
A176_4,1145,1,true,A176_4
A176_5,1141,2,false,A176_1
A177_0,193,2,false,A143_4
A177_1,355,2,false,A143_5
A177_2,1064,2,false,A136_3
A177_6,1069,3,true,A177_6
A178_0,147,1,true,A178_0
A178_1,156,1,true,A178_1
A178_2,1249,1,true,A178_2
A179_0,344,1,true,A179_0
A179_1,34,1,true,A179_1
A179_2,438,1,true,A179_2
A179_3,1379,1,true,A179_3
A179_4,1121,1,true,A179_4
A179_5,1136,1,true,A179_5
A179_6,506,3,false,A449_4
A180_0,493,2,false,A7_0
A180_1,532,1,true,A180_1
A180_2,341,1,true,A180_2
A180_3,455,1,true,A180_3
A181_0,497,1,true,A181_0
A181_1,793,1,true,A181_1
A181_2,207,1,true,A181_2
A181_3,296,1,true,A181_3
A181_4,509,1,true,A181_4
A181_5,162,1,true,A181_5
A181_6,1303,2,false,A103_0
A181_7,64,2,false,A96_4
A181_8,728,1,true,A181_8
A181_9,163,1,true,A181_9
A181_10,366,1,true,A181_10
A181_11,684,1,true,A181_11
A181_12,176,1,true,A181_12
A181_13,456,1,true,A181_13
A181_14,505,1,true,A181_14
A182_0,556,4,false,A300_2
A182_1,547,4,false,A126_3
A182_2,798,5,true,A182_2
A182_3,416,3,true,A182_3
A182_4,24,2,false,A116_2
A182_5,870,2,false,A97_0
A182_6,1146,3,true,A182_6
A182_8,815,3,true,A182_8
A183_0,1123,1,true,A183_0
A183_1,1125,1,true,A183_1
A183_2,693,1,true,A183_2
A183_3,1126,1,true,A183_3
A183_4,1112,1,true,A183_4
A183_5,1195,1,true,A183_5
A183_6,1341,1,true,A183_6
A183_7,1328,1,true,A183_7
A184_0,1063,1,true,A184_0
A184_1,436,1,true,A184_1
A185_0,1312,1,true,A185_0
A185_1,1203,1,true,A185_1
A185_2,1200,1,true,A185_2
A186_0,411,2,false,A192_1
A186_1,544,1,true,A186_1
A187_0,1087,2,true,A187_0
A187_1,1301,2,true,A187_1
A188_0,971,4,false,A193_0
A188_1,1382,1,true,A188_1
A188_2,1085,2,false,A107_1
A188_3,974,3,true,A188_3
A188_4,1370,1,true,A188_4
A189_0,964,1,true,A189_0
A189_1,961,1,true,A189_1
A189_2,963,2,true,A189_2
A190_0,866,2,true,A190_0
A190_1,597,1,true,A190_1
A191_0,905,1,true,A191_0
A191_1,545,1,true,A191_1
A192_0,1040,1,true,A192_0
A192_1,411,2,true,A192_1
A192_2,1301,2,false,A187_1
A193_0,971,4,true,A193_0
A193_1,963,2,false,A189_2
A193_2,866,2,false,A190_0
A193_3,598,1,true,A193_3
A193_4,906,1,true,A193_4
A193_5,1377,1,true,A193_5
A193_6,941,1,true,A193_6
A193_7,76,1,true,A193_7
A193_8,1283,1,true,A193_8
A193_9,879,2,false,A97_2
A194_0,768,1,true,A194_0
A195_0,948,1,true,A195_0
A195_1,453,1,true,A195_1
A195_2,1266,1,true,A195_2
A195_3,1106,3,false,A115_5
A195_4,1365,1,true,A195_4
A195_5,1070,4,true,A195_5
A196_0,119,1,true,A196_0
A196_1,1103,1,true,A196_1
A196_2,349,1,true,A196_2
A196_3,1281,2,false,A80_0
A196_4,552,2,false,A80_2
A197_0,548,3,false,A80_3
A197_1,1267,2,false,A80_4
A198_0,1252,1,true,A198_0
A198_1,479,1,true,A198_1
A198_2,1198,1,true,A198_2
A199_0,465,1,true,A199_0
A199_1,213,1,true,A199_1
A200_0,611,1,true,A200_0
A200_1,219,3,false,A156_0
A200_2,615,1,true,A200_2
A200_3,73,1,true,A200_3
A200_4,215,1,true,A200_4
A200_5,174,1,true,A200_5
A201_0,316,1,true,A201_0
A201_1,514,1,true,A201_1
A201_2,478,1,true,A201_2
A201_3,1371,1,true,A201_3
A201_4,11,1,true,A201_4
A201_5,794,1,true,A201_5
A201_6,1058,1,true,A201_6
A202_0,1247,1,true,A202_0
A202_1,1165,1,true,A202_1
A202_2,461,1,true,A202_2
A203_0,412,3,false,A354_0
A203_1,1071,1,true,A203_1
A204_0,18,1,true,A204_0
A204_1,352,2,false,A39_4
A204_2,1070,4,false,A195_5
A205_0,1041,1,true,A205_0
A205_1,1031,1,true,A205_1
A206_0,26,1,true,A206_0
A206_1,595,1,true,A206_1
A206_2,469,1,true,A206_2
A206_3,583,1,true,A206_3
A206_4,61,1,true,A206_4
A206_5,375,1,true,A206_5
A206_6,45,1,true,A206_6
A206_7,467,1,true,A206_7
A206_8,1230,1,true,A206_8
A206_9,690,1,true,A206_9
A206_10,747,1,true,A206_10
A207_0,1307,1,true,A207_0
A207_1,1384,1,true,A207_1
A207_2,753,1,true,A207_2
A208_0,324,1,true,A208_0
A208_1,1347,2,false,A137_1
A208_2,669,1,true,A208_2
A209_0,888,1,true,A209_0
A209_1,1297,2,true,A209_1
A210_0,1207,1,true,A210_0
A210_1,1190,1,true,A210_1
A210_2,993,1,true,A210_2
A211_0,893,1,true,A211_0
A211_1,824,1,true,A211_1
A212_0,791,1,true,A212_0
A212_1,792,1,true,A212_1
A212_2,1297,2,false,A209_1
A213_0,1204,1,true,A213_0
A214_0,223,4,false,A71_0
A214_1,253,1,true,A214_1
A214_2,285,1,true,A214_2
A214_3,254,1,true,A214_3
A214_4,66,1,true,A214_4
A215_0,96,1,true,A215_0
A215_1,300,1,true,A215_1
A215_2,195,1,true,A215_2
A216_0,55,1,true,A216_0
A216_1,379,2,false,A76_5
A217_0,749,1,true,A217_0
A217_1,211,1,true,A217_1
A217_2,511,1,true,A217_2
A217_3,750,1,true,A217_3
A218_0,410,3,false,A96_0
A218_1,542,1,true,A218_1
A219_0,1302,1,true,A219_0
A220_0,912,1,true,A220_0
A221_0,1299,1,true,A221_0
A221_1,1287,1,true,A221_1
A221_2,1300,1,true,A221_2
A222_0,65,1,true,A222_0
A222_1,918,1,true,A222_1
A222_2,27,2,true,A222_2
A222_3,135,1,true,A222_3
A222_4,346,1,true,A222_4
A223_0,418,3,false,A116_0
A224_0,39,3,true,A224_0
A224_1,396,2,true,A224_1
A224_2,625,1,true,A224_2
A225_0,529,2,false,A60_7
A225_1,177,1,true,A225_1
A225_2,136,1,true,A225_2
A225_3,457,1,true,A225_3
A225_4,70,1,true,A225_4
A225_5,521,1,true,A225_5
A225_6,833,1,true,A225_6
A226_0,539,3,false,A469_0
A226_1,1233,3,false,A133_7
A226_2,991,2,false,A23_5
A227_0,36,1,true,A227_0
A227_1,1115,1,true,A227_1
A228_0,1116,1,true,A228_0
A228_1,421,1,true,A228_1
A228_2,422,1,true,A228_2
A228_3,1358,1,true,A228_3
A228_4,1327,1,true,A228_4
A229_0,240,1,true,A229_0
A230_0,218,2,false,A42_2
A230_1,309,3,true,A230_1
A230_2,1000,3,true,A230_2
A231_0,659,1,true,A231_0
A232_0,107,1,true,A232_0
A232_1,125,2,false,A147_3
A232_2,503,2,true,A232_2
A233_0,485,1,true,A233_0
A233_1,8,2,true,A233_1
A233_2,234,1,true,A233_2
A234_0,1010,1,true,A234_0
A234_1,21,2,true,A234_1
A235_0,1113,2,true,A235_0
A235_1,679,1,true,A235_1
A235_2,1124,1,true,A235_2
A236_0,812,2,false,A94_1
A236_1,811,1,true,A236_1
A236_2,1378,2,false,A53_0
A236_3,1059,2,false,A85_2
A238_1,951,3,false,A372_1
A238_2,985,2,true,A238_2
A239_0,995,4,false,A243_1
A239_1,951,3,false,A372_1
A239_2,978,2,true,A239_2
A240_0,998,2,true,A240_0
A240_1,997,2,true,A240_1
A240_2,970,3,false,A244_1
A241_0,974,3,false,A188_3
A241_1,975,1,true,A241_1
A241_2,983,1,true,A241_2
A242_0,981,3,true,A242_0
A242_1,981,3,false,A242_0
A242_2,981,3,false,A242_0
A242_3,980,2,true,A242_3
A242_4,883,1,true,A242_4
A242_5,939,1,true,A242_5
A242_6,852,1,true,A242_6
A242_7,836,1,true,A242_7
A243_1,995,4,true,A243_1
A244_0,998,2,false,A240_0
A244_1,970,3,true,A244_1
A245_0,853,1,true,A245_0
A245_1,980,2,false,A242_3
A245_2,837,1,true,A245_2
A246_0,901,2,true,A246_0
A246_1,995,4,false,A243_1
A246_2,1154,1,true,A246_2
A247_0,1314,1,true,A247_0
A247_1,1316,1,true,A247_1
A247_2,1315,1,true,A247_2
A247_3,1036,1,true,A247_3
A247_4,1317,1,true,A247_4
A248_0,1004,1,true,A248_0
A248_1,862,2,true,A248_1
A248_2,882,1,true,A248_2
A249_0,1027,1,true,A249_0
A249_1,862,2,false,A248_1
A249_2,908,1,true,A249_2
A250_0,861,1,true,A250_0
A250_1,859,1,true,A250_1
A250_2,860,1,true,A250_2
A251_0,818,2,true,A251_0
A252_0,818,2,false,A251_0
A252_1,863,1,true,A252_1
A252_2,680,1,true,A252_2
A253_0,1214,1,true,A253_0
A253_1,885,1,true,A253_1
A253_2,245,1,true,A253_2
A253_3,244,2,true,A253_3
A253_4,246,1,true,A253_4
A254_0,867,1,true,A254_0
A254_1,1025,1,true,A254_1
A254_2,1028,1,true,A254_2
A254_3,1026,1,true,A254_3
A254_4,868,1,true,A254_4
A254_5,599,1,true,A254_5
A255_0,1087,2,false,A187_0
A255_1,897,1,true,A255_1
A256_0,217,5,false,A268_0
A257_0,230,7,false,A343_1
A257_1,289,1,true,A257_1
A257_2,129,1,true,A257_2
A257_3,1073,6,false,A370_7
A257_4,1368,1,true,A257_4
A257_5,1366,1,true,A257_5
A257_6,738,1,true,A257_6
A258_0,1290,1,true,A258_0
A258_1,1098,5,false,A38_0
A258_2,1288,1,true,A258_2
A259_0,1088,2,true,A259_0
A259_1,1066,4,false,A76_0
A259_2,1188,1,true,A259_2
A260_0,255,1,true,A260_0
A260_1,257,1,true,A260_1
A260_2,1291,1,true,A260_2
A260_3,256,1,true,A260_3
A261_0,1066,4,false,A76_0
A261_1,843,1,true,A261_1
A261_2,973,1,true,A261_2
A261_3,494,3,false,A42_0
A261_4,1197,1,true,A261_4
A261_5,1269,2,true,A261_5
A262_0,226,9,false,A442_1
A263_0,382,3,false,A452_2
A263_1,56,1,true,A263_1
A263_2,638,1,true,A263_2
A263_3,1021,2,true,A263_3
A263_4,488,1,true,A263_4
A263_5,637,1,true,A263_5
A264_0,619,1,true,A264_0
A264_1,222,1,true,A264_1
A264_2,383,1,true,A264_2
A265_0,417,2,true,A265_0
A265_1,1097,2,true,A265_1
A266_0,139,1,true,A266_0
A267_0,1279,1,true,A267_0
A267_1,112,1,true,A267_1
A267_2,1280,1,true,A267_2
A267_3,588,1,true,A267_3
A267_4,101,1,true,A267_4
A267_5,292,1,true,A267_5
A267_6,589,1,true,A267_6
A268_0,217,5,true,A268_0
A269_0,297,1,true,A269_0
A270_0,80,2,true,A270_0
A270_1,351,3,false,A292_1
A270_2,1084,2,true,A270_2
A270_3,268,3,false,A292_3
A270_4,164,2,true,A270_4
A271_0,276,2,false,A10_0
A271_1,1000,3,false,A230_2
A272_0,971,4,false,A193_0
A272_1,990,2,false,A149_4
A273_0,996,3,false,A132_0
A273_1,979,3,true,A273_1
A273_2,686,1,true,A273_2
A274_1,985,2,false,A238_2
A275_0,555,2,true,A275_0
A275_1,32,2,true,A275_1
A275_2,1372,2,true,A275_2
A275_3,1387,2,true,A275_3
A276_0,1045,4,true,A276_0
A276_1,217,5,false,A268_0
A276_2,275,3,false,A351_1
A276_3,160,1,true,A276_3
A277_0,279,2,false,A46_1
A277_1,1023,1,true,A277_1
A277_2,1037,1,true,A277_2
A277_3,241,1,true,A277_3
A277_4,664,1,true,A277_4
A278_0,415,1,true,A278_0
A278_1,1093,2,false,A93_0
A279_0,130,1,true,A279_0
A279_1,153,1,true,A279_1
A279_2,503,2,false,A232_2
A279_3,396,2,false,A224_1
A280_0,429,1,true,A280_0
A280_1,742,1,true,A280_1
A281_0,304,2,false,A175_0
A281_1,1130,1,true,A281_1
A281_2,1133,1,true,A281_2
A281_3,1222,1,true,A281_3
A281_4,1127,1,true,A281_4
A282_0,1032,1,true,A282_0
A282_1,1021,2,false,A263_3
A282_2,670,1,true,A282_2
A282_3,397,2,true,A282_3
A283_0,480,1,true,A283_0
A283_1,778,1,true,A283_1
A284_0,87,1,true,A284_0
A284_1,1318,1,true,A284_1
A284_2,434,1,true,A284_2
A285_0,745,1,true,A285_0
A286_0,157,1,true,A286_0
A286_1,228,2,false,A33_4
A287_0,1251,2,false,A108_6
A287_1,557,1,true,A287_1
A287_2,590,1,true,A287_2
A287_3,561,1,true,A287_3
A288_0,33,2,false,A148_0
A288_1,416,3,false,A182_3
A288_2,1078,1,true,A288_2
A289_0,871,2,false,A92_0
A289_1,1146,3,false,A182_6
A289_2,1096,3,false,A102_6
A289_3,1080,1,true,A289_3
A290_0,1389,1,true,A290_0
A290_1,815,3,false,A182_8
A291_0,361,1,true,A291_0
A291_1,743,1,true,A291_1
A291_2,740,1,true,A291_2
A291_3,739,1,true,A291_3
A291_4,468,1,true,A291_4
A292_0,80,2,false,A270_0
A292_1,351,3,true,A292_1
A292_2,1083,2,true,A292_2
A292_3,268,3,true,A292_3
A293_0,232,2,true,A293_0
A293_1,712,1,true,A293_1
A293_2,704,1,true,A293_2
A293_3,1226,1,true,A293_3
A293_4,696,1,true,A293_4
A293_5,1206,1,true,A293_5
A293_6,582,1,true,A293_6
A294_0,325,1,true,A294_0
A294_1,579,1,true,A294_1
A295_0,827,1,true,A295_0
A295_1,949,1,true,A295_1
A295_2,967,2,true,A295_2
A296_0,580,1,true,A296_0
A296_1,473,1,true,A296_1
A296_2,550,1,true,A296_2
A296_3,328,1,true,A296_3
A296_4,691,1,true,A296_4
A296_5,92,1,true,A296_5
A297_0,1060,3,false,A81_0
A297_1,1052,2,true,A297_1
A297_2,394,3,false,A369_1
A298_0,966,3,false,A382_7
A298_1,965,1,true,A298_1
A298_2,953,1,true,A298_2
A298_3,924,3,false,A303_0
A298_4,924,3,false,A303_0
A299_0,40,4,false,A338_0
A300_0,1240,1,true,A300_0
A300_1,38,1,true,A300_1
A300_2,556,4,true,A300_2
A300_3,798,5,false,A182_2
A301_0,79,1,true,A301_0
A301_1,1052,2,false,A297_1
A301_2,178,1,true,A301_2
A301_3,661,1,true,A301_3
A302_0,663,1,true,A302_0
A302_1,386,1,true,A302_1
A302_2,203,1,true,A302_2
A302_3,608,1,true,A302_3
A302_4,1344,1,true,A302_4
A303_0,924,3,true,A303_0
A303_1,1182,1,true,A303_1
A304_0,907,1,true,A304_0
A305_0,334,1,true,A305_0
A305_1,1245,1,true,A305_1
A305_2,502,1,true,A305_2
A305_3,605,1,true,A305_3
A306_0,969,1,true,A306_0
A306_1,1298,1,true,A306_1
A307_0,960,1,true,A307_0
A308_0,512,2,false,A120_1
A309_0,986,1,true,A309_0
A309_1,987,1,true,A309_1
A309_2,757,1,true,A309_2
A310_0,858,1,true,A310_0
A311_0,199,1,true,A311_0
A311_1,662,1,true,A311_1
A312_0,1155,1,true,A312_0
A312_1,1152,1,true,A312_1
A312_2,1157,1,true,A312_2
A312_3,1153,1,true,A312_3
A313_0,784,1,true,A313_0
A313_1,200,1,true,A313_1
A313_2,543,1,true,A313_2
A314_0,864,1,true,A314_0
A314_1,1158,1,true,A314_1
A314_2,865,1,true,A314_2
A315_0,155,1,true,A315_0
A315_1,273,1,true,A315_1
A315_2,1270,1,true,A315_2
A316_0,967,2,false,A295_2
A316_1,968,1,true,A316_1
A316_2,405,1,true,A316_2
A316_3,779,1,true,A316_3
A316_4,701,1,true,A316_4
A317_0,1322,1,true,A317_0
A317_1,1323,1,true,A317_1
A318_0,966,3,false,A382_7
A318_1,925,2,false,A382_8
A319_0,962,1,true,A319_0
A319_1,1313,1,true,A319_1
A319_2,958,1,true,A319_2
A319_3,748,1,true,A319_3
A320_0,167,1,true,A320_0
A320_1,623,1,true,A320_1
A321_0,1150,2,false,A321_3
A321_1,734,1,true,A321_1
A321_2,735,1,true,A321_2
A321_3,1150,2,true,A321_3
A321_4,733,1,true,A321_4
A322_0,252,2,true,A322_0
A322_1,1012,1,true,A322_1
A323_0,536,1,true,A323_0
A324_0,1060,3,false,A81_0
A324_1,586,1,true,A324_1
A324_2,1050,2,true,A324_2
A324_3,19,1,true,A324_3
A324_4,303,1,true,A324_4
A325_0,134,1,true,A325_0
A326_0,302,1,true,A326_0
A326_1,1014,2,true,A326_1
A327_0,290,1,true,A327_0
A327_1,1015,1,true,A327_1
A328_0,988,1,true,A328_0
A328_1,1098,5,false,A38_0
A328_2,629,1,true,A328_2
A329_0,607,1,true,A329_0
A329_1,1068,1,true,A329_1
A329_2,191,1,true,A329_2
A330_0,944,2,false,A77_0
A330_1,404,2,true,A330_1
A330_2,971,4,false,A193_0
A330_3,1149,1,true,A330_3
A330_4,1169,1,true,A330_4
A330_5,979,3,false,A273_1
A330_6,1147,2,false,A3_2
A331_0,720,1,true,A331_0
A331_1,474,1,true,A331_1
A331_2,665,1,true,A331_2
A332_0,278,1,true,A332_0
A332_1,206,1,true,A332_1
A332_2,746,1,true,A332_2
A333_0,551,1,true,A333_0
A333_1,558,1,true,A333_1
A333_2,814,1,true,A333_2
A333_3,688,1,true,A333_3
A333_4,564,1,true,A333_4
A333_5,1375,2,false,A128_0
A333_6,805,1,true,A333_6
A334_0,471,1,true,A334_0
A334_1,633,1,true,A334_1
A334_2,78,1,true,A334_2
A334_3,644,1,true,A334_3
A334_4,634,1,true,A334_4
A334_5,1033,1,true,A334_5
A334_6,646,1,true,A334_6
A334_7,567,1,true,A334_7
A335_0,376,1,true,A335_0
A335_1,1047,1,true,A335_1
A335_2,472,1,true,A335_2
A336_0,310,1,true,A336_0
A336_1,1016,1,true,A336_1
A337_0,1057,10,false,A102_0
A337_1,1002,1,true,A337_1
A338_0,40,4,true,A338_0
A338_1,216,1,true,A338_1
A339_1,702,1,true,A339_1
A340_1,5,1,true,A340_1
A341_0,40,4,false,A338_0
A342_1,201,1,true,A342_1
A343_0,309,3,false,A230_1
A343_1,230,7,true,A343_1
A343_2,384,2,true,A343_2
A343_3,1017,1,true,A343_3
A344_1,1014,2,false,A326_1
A345_1,703,1,true,A345_1
A346_1,309,3,false,A230_1
A346_2,1000,3,false,A230_2
A347_0,606,1,true,A347_0
A347_1,448,1,true,A347_1
A348_0,252,2,false,A322_0
A349_0,126,1,true,A349_0
A350_0,1046,1,true,A350_0
A351_0,1045,4,false,A276_0
A351_1,275,3,true,A351_1
A351_3,351,3,false,A292_1
A351_4,1084,2,false,A270_2
A351_5,268,3,false,A292_3
A351_6,164,2,false,A270_4
A352_0,804,2,false,A127_2
A352_1,677,1,true,A352_1
A352_2,1330,1,true,A352_2
A352_3,553,1,true,A352_3
A353_0,682,1,true,A353_0
A353_1,708,1,true,A353_1
A353_2,678,1,true,A353_2
A353_3,1191,1,true,A353_3
A353_4,1192,1,true,A353_4
A353_5,648,1,true,A353_5
A354_0,412,3,true,A354_0
A354_1,523,3,false,A147_1
A354_2,342,3,false,A147_2
A354_3,124,2,true,A354_3
A354_4,360,2,true,A354_4
A354_5,354,2,false,A147_5
A354_6,1269,2,false,A261_5
A355_0,841,1,true,A355_0
A355_1,820,1,true,A355_1
A356_0,1167,1,true,A356_0
A356_1,1113,2,false,A235_0
A356_2,1131,1,true,A356_2
A356_3,1224,1,true,A356_3
A356_4,1171,1,true,A356_4
A356_5,1186,1,true,A356_5
A356_6,1162,1,true,A356_6
A356_7,329,1,true,A356_7
A356_8,1256,1,true,A356_8
A356_9,1163,1,true,A356_9
A357_1,340,1,true,A357_1
A357_2,182,2,true,A357_2
A357_3,185,4,false,A361_3
A357_4,184,3,false,A361_4
A357_5,269,2,true,A357_5
A357_6,287,2,true,A357_6
A357_7,1073,6,false,A370_7
A357_8,406,5,false,A361_8
A358_0,1061,1,true,A358_0
A360_0,227,2,false,A147_4
A360_1,360,2,false,A354_4
A360_2,323,2,true,A360_2
A361_1,338,2,true,A361_1
A361_2,183,5,false,A362_0
A361_3,185,4,true,A361_3
A361_4,184,3,true,A361_4
A361_5,267,4,false,A362_3
A361_7,1073,6,false,A370_7
A361_8,406,5,true,A361_8
A361_9,1006,2,true,A361_9
A361_10,1009,2,true,A361_10
A362_0,183,5,true,A362_0
A362_3,267,4,true,A362_3
A362_5,1072,4,true,A362_5
A362_7,1005,4,true,A362_7
A362_8,1007,3,true,A362_8
A363_0,183,5,false,A362_0
A363_1,185,4,false,A361_3
A363_2,184,3,false,A361_4
A363_3,267,4,false,A362_3
A363_4,287,2,false,A357_6
A363_5,1072,4,false,A362_5
A363_6,406,5,false,A361_8
A364_1,1008,2,false,A365_8
A364_2,1009,2,false,A361_10
A364_3,1007,3,false,A362_8
A364_8,1073,6,false,A370_7
A364_9,406,5,false,A361_8
A365_5,1072,4,false,A362_5
A365_7,1005,4,false,A362_7
A365_8,1008,2,true,A365_8
A366_6,406,5,false,A361_8
A367_4,338,2,false,A361_1
A367_5,183,5,false,A362_0
A367_6,185,4,false,A361_3
A367_8,269,2,false,A357_5
A367_10,1072,4,false,A362_5
A367_11,1073,6,false,A370_7
A369_0,899,1,true,A369_0
A369_1,394,3,true,A369_1
A369_2,133,2,true,A369_2
A370_0,1005,4,false,A362_7
A370_1,1007,3,false,A362_8
A370_3,339,2,true,A370_3
A370_4,182,2,false,A357_2
A370_6,267,4,false,A362_3
A370_7,1073,6,true,A370_7
A372_0,995,4,false,A243_1
A372_1,951,3,true,A372_1
A372_2,978,2,false,A239_2
A372_3,1006,2,false,A361_9
A372_4,353,1,true,A372_4
A373_0,997,2,false,A240_1
A373_1,970,3,false,A244_1
A374_0,523,3,false,A147_1
A374_1,342,3,false,A147_2
A374_2,124,2,false,A354_3
A374_3,323,2,false,A360_2
A375_0,1005,4,false,A362_7
A375_3,339,2,false,A370_3
A375_4,183,5,false,A362_0
A376_1,923,1,true,A376_1
A376_2,984,1,true,A376_2
A377_1,982,1,true,A377_1
A377_2,1075,1,true,A377_2
A378_0,901,2,false,A246_0
A378_1,926,1,true,A378_1
A378_2,903,1,true,A378_2
A378_3,902,2,true,A378_3
A378_4,857,2,true,A378_4
A378_5,856,2,true,A378_5
A378_6,909,1,true,A378_6
A378_7,869,1,true,A378_7
A378_8,904,2,false,A379_4
A378_9,915,2,true,A378_9
A378_10,916,1,true,A378_10
A378_11,942,1,true,A378_11
A379_1,902,2,false,A378_3
A379_2,857,2,false,A378_4
A379_3,856,2,false,A378_5
A379_4,904,2,true,A379_4
A379_5,915,2,false,A378_9
A380_1,952,2,true,A380_1
A380_2,776,1,true,A380_2
A381_0,657,1,true,A381_0
A381_1,568,1,true,A381_1
A381_2,656,1,true,A381_2
A382_7,966,3,true,A382_7
A382_8,925,2,true,A382_8
A382_9,952,2,false,A380_1
A383_0,1082,2,false,A112_2
A383_1,1292,1,true,A383_1
A383_2,922,1,true,A383_2
A383_3,1159,1,true,A383_3
A383_4,1045,4,false,A276_0
A383_5,217,5,false,A268_0
A384_0,957,1,true,A384_0
A384_1,955,1,true,A384_1
A384_2,959,1,true,A384_2
A384_3,954,1,true,A384_3
A384_4,956,1,true,A384_4
A385_0,1057,10,false,A102_0
A385_1,397,2,false,A282_3
A386_0,31,1,true,A386_0
A386_1,8,2,false,A233_1
A387_0,489,1,true,A387_0
A387_1,72,2,false,A70_1
A388_0,235,2,true,A388_0
A389_0,381,2,true,A389_0
A390_0,377,2,true,A390_0
A390_1,311,4,false,A416_1
A390_2,724,2,true,A390_2
A390_3,1053,1,true,A390_3
A391_0,1345,1,true,A391_0
A391_1,271,3,false,A474_1
A391_2,6,1,true,A391_2
A391_3,1011,1,true,A391_3
A391_4,1018,2,true,A391_4
A392_0,1056,1,true,A392_0
A392_1,1013,1,true,A392_1
A393_0,132,1,true,A393_0
A394_0,133,2,false,A369_2
A395_0,1320,1,true,A395_0
A396_0,389,1,true,A396_0
A396_1,16,2,false,A72_1
A396_2,113,2,false,A18_1
A396_3,1043,2,true,A396_3
A397_0,298,1,true,A397_0
A398_0,1001,4,true,A398_0
A398_1,671,1,true,A398_1
A398_2,424,2,true,A398_2
A399_1,801,1,true,A399_1
A399_2,20,2,false,A88_0
A399_3,506,3,false,A449_4
A400_5,1231,1,true,A400_5
A401_0,115,2,true,A401_0
A401_1,390,3,true,A401_1
A401_2,1043,2,false,A396_3
A401_3,311,4,false,A416_1
A402_2,424,2,false,A398_2
A402_3,387,3,true,A402_3
A403_0,232,2,false,A293_0
A403_1,875,1,true,A403_1
A403_2,367,1,true,A403_2
A403_3,13,1,true,A403_3
A403_4,1221,1,true,A403_4
A404_0,40,4,false,A338_0
A404_1,137,1,true,A404_1
A405_0,238,3,false,A410_0
A406_0,99,2,true,A406_0
A406_1,500,2,true,A406_1
A406_2,652,2,true,A406_2
A406_3,390,3,false,A401_1
A407_0,217,5,false,A268_0
A407_1,384,2,false,A343_2
A407_2,999,2,true,A407_2
A408_0,229,9,false,A433_1
A408_1,226,9,false,A442_1
A409_0,224,3,true,A409_0
A409_1,239,2,true,A409_1
A410_0,238,3,true,A410_0
A411_0,238,3,false,A410_0
A412_0,224,3,false,A409_0
A412_1,999,2,false,A407_2
A412_2,458,1,true,A412_2
A412_3,14,1,true,A412_3
A413_0,231,2,true,A413_0
A413_1,233,1,true,A413_1
A413_2,723,1,true,A413_2
A413_3,487,1,true,A413_3
A413_4,1057,10,false,A102_0
A414_0,430,1,true,A414_0
A414_1,596,1,true,A414_1
A414_2,603,1,true,A414_2
A414_3,1051,2,true,A414_3
A415_0,239,2,false,A409_1
A416_0,377,2,false,A390_0
A416_1,311,4,true,A416_1
A416_2,725,1,true,A416_2
A416_3,1045,4,false,A276_0
A416_4,388,4,false,A21_0
A417_0,393,3,true,A417_0
A419_0,1001,4,false,A398_0
A419_1,115,2,false,A401_0
A419_2,390,3,false,A401_1
A419_4,311,4,false,A416_1
A420_0,230,7,false,A343_1
A420_1,1048,1,true,A420_1
A421_0,235,2,false,A388_0
A422_0,15,1,true,A422_0
A423_0,1321,1,true,A423_0
A424_0,229,9,false,A433_1
A424_1,226,9,false,A442_1
A425_0,622,1,true,A425_0
A425_1,382,3,false,A452_2
A425_2,782,1,true,A425_2
A425_3,470,1,true,A425_3
A426_0,39,3,false,A224_0
A426_1,127,1,true,A426_1
A427_0,1001,4,false,A398_0
A427_1,98,2,true,A427_1
A427_2,48,1,true,A427_2
A427_3,481,2,true,A427_3
A427_4,1044,2,true,A427_4
A427_5,312,2,true,A427_5
A427_6,387,3,false,A402_3
A428_0,1057,10,false,A102_0
A428_1,231,2,false,A413_0
A428_2,709,1,true,A428_2
A428_3,710,1,true,A428_3
A428_4,697,1,true,A428_4
A428_5,486,1,true,A428_5
A428_6,1259,1,true,A428_6
A428_7,751,1,true,A428_7
A428_8,209,1,true,A428_8
A429_0,230,7,false,A343_1
A429_1,1024,1,true,A429_1
A430_0,230,7,false,A343_1
A430_1,369,2,false,A57_6
A431_0,755,1,true,A431_0
A431_1,795,1,true,A431_1
A431_2,774,1,true,A431_2
A432_0,41,1,true,A432_0
A432_1,274,1,true,A432_1
A432_2,117,1,true,A432_2
A432_3,587,1,true,A432_3
A432_4,490,1,true,A432_4
A432_5,381,2,false,A389_0
A433_0,541,2,false,A162_0
A433_1,229,9,true,A433_1
A434_0,989,1,true,A434_0
A434_1,848,1,true,A434_1
A434_2,822,1,true,A434_2
A435_2,1034,2,true,A435_2
A436_0,229,9,false,A433_1
A436_1,226,9,false,A442_1
A437_0,39,3,false,A224_0
A437_1,780,1,true,A437_1
A437_2,546,1,true,A437_2
A438_2,1034,2,false,A435_2
A439_0,229,9,false,A433_1
A439_1,226,9,false,A442_1
A440_0,229,9,false,A433_1
A440_1,226,9,false,A442_1
A441_0,230,7,false,A343_1
A441_1,500,2,false,A406_1
A442_1,226,9,true,A442_1
A443_0,229,9,false,A433_1
A444_1,668,1,true,A444_1
A444_2,1109,1,true,A444_2
A445_0,777,1,true,A445_0
A445_1,93,1,true,A445_1
A446_0,229,9,false,A433_1
A447_0,400,1,true,A447_0
A447_1,1050,2,false,A324_2
A448_0,476,1,true,A448_0
A449_0,442,1,true,A449_0
A449_1,161,1,true,A449_1
A449_2,337,1,true,A449_2
A449_3,27,2,false,A222_2
A449_4,506,3,true,A449_4
A449_5,1134,1,true,A449_5
A449_6,538,1,true,A449_6
A449_7,1346,1,true,A449_7
A450_0,373,2,false,A31_2
A450_1,4,1,true,A450_1
A450_2,138,1,true,A450_2
A450_3,229,9,false,A433_1
A451_7,491,1,true,A451_7
A451_8,660,1,true,A451_8
A452_0,639,1,true,A452_0
A452_1,640,1,true,A452_1
A452_2,382,3,true,A452_2
A453_0,440,1,true,A453_0
A453_1,159,1,true,A453_1
A453_2,57,1,true,A453_2
A454_0,192,1,true,A454_0
A454_1,392,1,true,A454_1
A455_0,94,1,true,A455_0
A455_1,95,1,true,A455_1
A456_1,275,3,false,A351_1
A456_4,1083,2,false,A292_2
A457_0,149,1,true,A457_0
A457_1,378,1,true,A457_1
A458_0,272,2,true,A458_0
A458_1,280,2,false,A46_0
A459_0,1003,2,false,A459_1
A459_1,1003,2,true,A459_1
A460_0,221,1,true,A460_0
A460_1,286,1,true,A460_1
A460_2,1129,1,true,A460_2
A460_3,719,1,true,A460_3
A460_4,104,1,true,A460_4
A460_5,427,1,true,A460_5
A460_6,1170,1,true,A460_6
A460_7,1284,1,true,A460_7
A460_8,642,1,true,A460_8
A460_9,706,1,true,A460_9
A461_0,737,1,true,A461_0
A461_1,272,2,false,A458_0
A462_0,374,1,true,A462_0
A462_1,620,1,true,A462_1
A462_2,426,1,true,A462_2
A462_3,202,1,true,A462_3
A463_0,1070,4,false,A195_5
A463_1,1273,1,true,A463_1
A464_0,1022,2,true,A464_0
A464_1,1039,1,true,A464_1
A464_2,1022,2,false,A464_0
A464_3,1319,1,true,A464_3
A465_0,726,2,false,A91_1
A465_1,713,2,false,A91_2
A466_0,417,2,false,A265_0
A466_1,1097,2,false,A265_1
A467_0,236,1,true,A467_0
A468_0,555,2,false,A275_0
A468_1,32,2,false,A275_1
A468_2,1372,2,false,A275_2
A468_3,1387,2,false,A275_3
A469_0,539,3,true,A469_0
A469_1,1352,1,true,A469_1
A469_2,609,1,true,A469_2
A469_3,1189,1,true,A469_3
A469_4,838,1,true,A469_4
A470_0,1001,4,false,A398_0
A470_1,103,1,true,A470_1
A470_2,501,1,true,A470_2
A470_3,1369,1,true,A470_3
A471_0,312,2,false,A427_5
A471_1,752,1,true,A471_1
A471_2,724,2,false,A390_2
A471_3,1054,1,true,A471_3
A472_0,99,2,false,A406_0
A472_2,652,2,false,A406_2
A473_0,1340,1,true,A473_0
A473_1,1356,1,true,A473_1
A474_1,271,3,true,A474_1
A474_2,7,1,true,A474_2
A474_3,1051,2,false,A414_3
A474_4,1018,2,false,A391_4
A474_5,1367,1,true,A474_5
A475_1,98,2,false,A427_1
A475_4,1044,2,false,A427_4
A475_6,387,3,false,A402_3
A476_1,244,2,false,A253_3
A477_3,481,2,false,A427_3
